Nama,Harga,Alamat
ASIA Tas Ransel Bomber Pria Tas Pria Sport Tas Ransel Sekolah Tas Murah Berkualitas MURAH,82500,Jakarta Utara
Terlaris Korean Style Backpack Tas Ransel Tas Sekolah Kuliah Kerja Travel EN,209925,Jakarta Utara
ASIA PROMO TAS RANSEL TAS MIKA TAS JARING TAS MURAH TAS TRANSPARAN Berkualitas MURAH,131300,Jakarta Utara
ASIA tas raket badminton ransel besar Berkualitas MURAH,299900,Jakarta Utara
ASIA Tas Ransel Pria Sekolah Remaja Laki Laki SD SMP SMA Tas Gendong Tas Backpack Berkualitas MURAH,63920,Jakarta Utara
JFR Tas Sepatu Futsal & Olahraga Shoes Bag Bahan Polyester JSHOESBAG01,51000,Jakarta Barat
PROMO!! BELI 1 GRATIS 2  Tas Pria zb RDN distro ransel punggung  laki laki CHUNJI,76500,Bandung
TAS SELEMPANG PRIA ANTI AIR WAIST BAG WATERPROOF ERITON SLING BAG PRIA ANTI AIR WAIST BAG DISTRO PRIA - EVERNEXT,115000,Tangerang
Polo Trands Backpack Kasual USB 36138 - Tas Ransel Laptop Anti Air,195000,Kab. Tangerang
NAVY CLUB ORIGINAL SLING BAG NAVY CLUB ORI TAS TRAVEL NAVY CLUB ORI TAS SELEMPANG NAVY CLUB,149000,Jakarta Pusat
waistbag haoshuai waterproof tas pinggang Selempang pria,15990,Bandung
Jims hones tas selempang,150000,Jakarta Utara
TAS SELEMPANG PRIA ANTI AIR SLING POUCH WALLET VECTOR WATERPROOF SLING BAG PRIA ANTI AIR TAS DISTRO PRIA - EVERNEXT,85000,Tangerang
COVER BAG - RAIN COAT - WATERPROOF TAS - Raincoat Cover Bag Backpack,12500,Jakarta Barat
Tas Selempang Waistbag USB Waterprof Venom Original Original,18000,Bandung
TAS ADIDAS NEW SOFTBACK RANSEL CEWEK COWOK RANSEL SEKOLAH ANAK BD,119900,Jakarta Utara
ASIA Tas Selempang pria Pushop Waistbag Pria Tas pinggang pria Lova New Berkualitas MURAH,29900,Jakarta Utara
Tas Ransel Laptop Bisnis Kerja Kuliah Sekolah Polo X Sport Hitam BD,99900,Jakarta Utara
ASIA Tas Pria Tas Polo Tas Ransel MultiFungsi 3 in 1 Berkualitas MURAH,110900,Jakarta Utara
TAS SELEMPANG PRIA TAS GADGET VAPE CROSSBODY BODYPACK MULTYFUNGSI BD,109900,Jakarta Utara
Tas Pinggang Selempang Pria Bahan Kulit,18100,Jakarta Barat
Tas Sekolah Anak Laki Laki Tas Backpack Pria Tas Punggung Keren,65000,Bandung
TAS SELEMPANG WATERPROOF PRIA SLING BAG DRAKE ANTI AIR TAS SLEMPANG PRIA ANTI SOBEK ANTI MALING - EVERNEXT,55000,Tangerang
CLUTCH BAG PRIA ANTI AIR POUCH BAG WATERPROOF PRIA SLING BAG FELIX PRIA TAS SELEMPANG DISTRO PRIA - EVERNEXT,95000,Tangerang
TAS RANSEL OUTDOOR-TAS PRIA-TAS KERJA-TAS SEKOLAH,115000,Kab. Bandung
CHEST BAG WATERPROOF TREVOR TAS DADA TACTICAL RIG BAG OUTDOOR TAS PELINDUNG DADA MOTOR BIKER SEPEDA - EVERNEXT,115000,Tangerang
Tas Ransel Semi Carrier TNf 30 Liter anti air Terbaru - Tas Laptop,120000,Bandung
Tas Ransel Travel Kanvas Big Size - 170037,123000,Jakarta Barat
Tas Selempang Kanvas Pria Travel Bag SSG88,59580,Tangerang
ANT PROJECT - Tas Clutch Bag Pria 3in Dopp Kits - Tas Handbag Pouch,39500,Bandung
ASIA POLO POWER Original Backpack Import Tas Pria Ransel Laptop Expanding Berkualitas MURAH,194925,Jakarta Utara
ASIA Polo Power Tas Pria Ransel Laptop Backpack Import USB Port Expanding Berkualitas MURAH,194925,Jakarta Utara
ASIA tas converse TAS PRIA TAS RANSEL PRIA TAS SEKOLAH TAS ANAK Berkualitas MURAH,84915,Jakarta Utara
ASIA Tas Polo Power Original Backpack USB Tas Kantor Pria Ransel Laptop USB Berkualitas MURAH,192850,Jakarta Utara
Terlaris ASIA TAS BACKPACK RANSEL SEKOLAH ANAK COWOK CEWEK KEREN Murah,161415,Jakarta Utara
chest bag pria premuim - tas chest bag anti air waterproof - tas dada motor,59000,Bandung
"ANT PROJECT - SlingBag Wallet Pria SMITH, Tas Selempang",72080,Bandung
Tas dada Anti air Chest Bag Tas Pelindung Dada Tas dada pria,65000,Kab. Bandung
Tas Ransel Pria Dx0 Dwwaa Gratis Botol Minum Untuk Sekolah Kuliah Kerja,106500,Bandung
Tas Waistbag Pria Kombinasi Original,15000,Bandung
JFR Tas Ransel Pria Tas Ransel Tas Laptop Tas Pria Ransel Punggung Backpack Bahan Polyester JBAG03,162500,Jakarta Barat
TOTE BAG WATERPROOF POLAR HAND BAG TAS JINJING PRIA WANITA ANTI AIR MUAT LAPTOP 14INCHI HEYLOOK,75000,Tangerang
TAS SELEMPANG PRIA ANTI AIR SLING BAG XANDER WATERPROOF POUCH BAG PRIA ANTI AIR WAIST BAG CROSSBODY PRIA - EVERNEXT,90000,Tangerang
Travel Bag 6 in 1 Luggage Storage Set Organizer Tas Koper Travel,33999,Surabaya
Tas Pria ZB RDN 069 Distro Raindoz Bandung Ransel Punggung Cowok 2relst,85000,Bandung
ASIA Tas Tangan Kulit Pria Tas Selempang Kulit Pria - Tas Pria 2in1 LATTE Hand Bag Berkualitas MURAH,287920,Jakarta Utara
Kalibre Tas Ransel Pria Backpack Equinox 20L 911518000,552500,Bandung
Promo Terlaris TAS RAKET TAS RANSEL BADMINTON BULUTANGKIS MURAH BERKUALITAS,134910,Jakarta Utara
Promo Terlaris TAS RANSEL RAKET 2R PLUS JUMBO IMPORT BADMINTON BULU TANGKIS OLAHRAGA Murah Berkualitas,359910,Jakarta Utara
Kalibre Tas Selempang Pria Travel Pouch Daryl 921535000,157250,Bandung
ASIA Tas Ransel Bomber Pria Tas Pria Sport Tas Ransel Sekolah Tas Murah Berkualitas MURAH,82500,Jakarta Utara
Terlaris Korean Style Backpack Tas Ransel Tas Sekolah Kuliah Kerja Travel EN,209925,Jakarta Utara
ASIA PROMO TAS RANSEL TAS MIKA TAS JARING TAS MURAH TAS TRANSPARAN Berkualitas MURAH,131300,Jakarta Utara
ASIA tas raket badminton ransel besar Berkualitas MURAH,299900,Jakarta Utara
ASIA Tas Ransel Pria Sekolah Remaja Laki Laki SD SMP SMA Tas Gendong Tas Backpack Berkualitas MURAH,63920,Jakarta Utara
JFR Tas Sepatu Futsal & Olahraga Shoes Bag Bahan Polyester JSHOESBAG01,51000,Jakarta Barat
PROMO!! BELI 1 GRATIS 2  Tas Pria zb RDN distro ransel punggung  laki laki CHUNJI,76500,Bandung
TAS SELEMPANG PRIA ANTI AIR WAIST BAG WATERPROOF ERITON SLING BAG PRIA ANTI AIR WAIST BAG DISTRO PRIA - EVERNEXT,115000,Tangerang
Polo Trands Backpack Kasual USB 36138 - Tas Ransel Laptop Anti Air,195000,Kab. Tangerang
NAVY CLUB ORIGINAL SLING BAG NAVY CLUB ORI TAS TRAVEL NAVY CLUB ORI TAS SELEMPANG NAVY CLUB,149000,Jakarta Pusat
waistbag haoshuai waterproof tas pinggang Selempang pria,15990,Bandung
Jims hones tas selempang,150000,Jakarta Utara
TAS SELEMPANG PRIA ANTI AIR SLING POUCH WALLET VECTOR WATERPROOF SLING BAG PRIA ANTI AIR TAS DISTRO PRIA - EVERNEXT,85000,Tangerang
COVER BAG - RAIN COAT - WATERPROOF TAS - Raincoat Cover Bag Backpack,12500,Jakarta Barat
Tas Selempang Waistbag USB Waterprof Venom Original Original,18000,Bandung
TAS ADIDAS NEW SOFTBACK RANSEL CEWEK COWOK RANSEL SEKOLAH ANAK BD,119900,Jakarta Utara
ASIA Tas Selempang pria Pushop Waistbag Pria Tas pinggang pria Lova New Berkualitas MURAH,29900,Jakarta Utara
Tas Ransel Laptop Bisnis Kerja Kuliah Sekolah Polo X Sport Hitam BD,99900,Jakarta Utara
ASIA Tas Pria Tas Polo Tas Ransel MultiFungsi 3 in 1 Berkualitas MURAH,110900,Jakarta Utara
TAS SELEMPANG PRIA TAS GADGET VAPE CROSSBODY BODYPACK MULTYFUNGSI BD,109900,Jakarta Utara
Tas Pinggang Selempang Pria Bahan Kulit,18100,Jakarta Barat
Tas Sekolah Anak Laki Laki Tas Backpack Pria Tas Punggung Keren,65000,Bandung
TAS SELEMPANG WATERPROOF PRIA SLING BAG DRAKE ANTI AIR TAS SLEMPANG PRIA ANTI SOBEK ANTI MALING - EVERNEXT,55000,Tangerang
CLUTCH BAG PRIA ANTI AIR POUCH BAG WATERPROOF PRIA SLING BAG FELIX PRIA TAS SELEMPANG DISTRO PRIA - EVERNEXT,95000,Tangerang
TAS RANSEL OUTDOOR-TAS PRIA-TAS KERJA-TAS SEKOLAH,115000,Kab. Bandung
CHEST BAG WATERPROOF TREVOR TAS DADA TACTICAL RIG BAG OUTDOOR TAS PELINDUNG DADA MOTOR BIKER SEPEDA - EVERNEXT,115000,Tangerang
Tas Ransel Semi Carrier TNf 30 Liter anti air Terbaru - Tas Laptop,120000,Bandung
Tas Ransel Travel Kanvas Big Size - 170037,123000,Jakarta Barat
Tas Selempang Kanvas Pria Travel Bag SSG88,59580,Tangerang
ANT PROJECT - Tas Clutch Bag Pria 3in Dopp Kits - Tas Handbag Pouch,39500,Bandung
ASIA POLO POWER Original Backpack Import Tas Pria Ransel Laptop Expanding Berkualitas MURAH,194925,Jakarta Utara
ASIA Polo Power Tas Pria Ransel Laptop Backpack Import USB Port Expanding Berkualitas MURAH,194925,Jakarta Utara
ASIA tas converse TAS PRIA TAS RANSEL PRIA TAS SEKOLAH TAS ANAK Berkualitas MURAH,84915,Jakarta Utara
ASIA Tas Polo Power Original Backpack USB Tas Kantor Pria Ransel Laptop USB Berkualitas MURAH,192850,Jakarta Utara
Terlaris ASIA TAS BACKPACK RANSEL SEKOLAH ANAK COWOK CEWEK KEREN Murah,161415,Jakarta Utara
chest bag pria premuim - tas chest bag anti air waterproof - tas dada motor,59000,Bandung
"ANT PROJECT - SlingBag Wallet Pria SMITH, Tas Selempang",72080,Bandung
Tas dada Anti air Chest Bag Tas Pelindung Dada Tas dada pria,65000,Kab. Bandung
Tas Ransel Pria Dx0 Dwwaa Gratis Botol Minum Untuk Sekolah Kuliah Kerja,106500,Bandung
Tas Waistbag Pria Kombinasi Original,15000,Bandung
JFR Tas Ransel Pria Tas Ransel Tas Laptop Tas Pria Ransel Punggung Backpack Bahan Polyester JBAG03,162500,Jakarta Barat
TOTE BAG WATERPROOF POLAR HAND BAG TAS JINJING PRIA WANITA ANTI AIR MUAT LAPTOP 14INCHI HEYLOOK,75000,Tangerang
TAS SELEMPANG PRIA ANTI AIR SLING BAG XANDER WATERPROOF POUCH BAG PRIA ANTI AIR WAIST BAG CROSSBODY PRIA - EVERNEXT,90000,Tangerang
Travel Bag 6 in 1 Luggage Storage Set Organizer Tas Koper Travel,33999,Surabaya
Tas Pria ZB RDN 069 Distro Raindoz Bandung Ransel Punggung Cowok 2relst,85000,Bandung
ASIA Tas Tangan Kulit Pria Tas Selempang Kulit Pria - Tas Pria 2in1 LATTE Hand Bag Berkualitas MURAH,287920,Jakarta Utara
Kalibre Tas Ransel Pria Backpack Equinox 20L 911518000,552500,Bandung
Promo Terlaris TAS RAKET TAS RANSEL BADMINTON BULUTANGKIS MURAH BERKUALITAS,134910,Jakarta Utara
Promo Terlaris TAS RANSEL RAKET 2R PLUS JUMBO IMPORT BADMINTON BULU TANGKIS OLAHRAGA Murah Berkualitas,359910,Jakarta Utara
